3.894211705,0.882349312,0.35027902,,,
4.09676851,0.104327738,0.673925053,,,
5.771180433,0.907009334,0.965342036,,,
2.390962895,0.306398899,0.051448587,,,
2.576442131,0.446408872,0.071265988,,,
5.483717274,0.589985392,0.99282859,,,
5.512810044,0.837111099,0.908780257,,,
3.836591786,0.697800607,0.404853889,,,
2.905601927,0.802802838,0.053704979,,,
2.267073796,0.107215079,0.06330895,,,
4.075200605,0.757092526,0.461706483,,,
4.723808297,0.999671013,0.574754773,,,.
3.12590265,0.725930998,0.157311674,,,
4.268432494,0.14144824,0.721806894,,,
3.68730535,0.356720596,0.468931169,,,
4.711065569,0.94270411,0.596312657,,,
5.164120902,0.610161887,0.87923014,,,
4.930447707,0.227577473,0.919860164,,,
4.233734041,0.668732371,0.548019487,,,
5.315566594,0.692904555,0.899677269,,,
3.313502589,0.416862506,0.326160508,,,
5.047110295,0.171809559,0.973546592,,,
5.158663772,0.976890506,0.730148371,,,
3.398348899,0.330224143,0.380380071,,,
4.856634814,0.62904415,0.770031604,,,
4.330218886,0.160610951,0.737486167,,,
3.848977846,0.089952645,0.594880867,,,
3.575196929,0.970822359,0.205079815,,,
4.238406826,0.816577574,0.492394615,,,
4.692174525,0.57136573,0.735414987,,,
4.081778345,0.345853154,0.603625341,,,
4.72126034,0.403744004,0.799441222,,,
2.190091581,0.137383038,0.030061148,,,
4.905839113,0.900934491,0.679521338,,,
3.008264838,0.933936131,0.032594515,,,
3.411333766,0.047377137,0.459316425,,,
2.99091291,0.671506884,0.132725737,,,
2.219013543,0.034831862,0.064858706,,,
2.980240278,0.25269136,0.262937539,,,
3.087132964,0.557125054,0.205266229,,,
3.661953014,0.525823477,0.40739929,,,
2.297948093,0.352967786,0.006920951,,,
3.966222385,0.092982969,0.633216398,,,
3.329021677,0.304508977,0.364674482,,,
2.820656735,0.862429861,0.000852956,,,
3.725842847,0.716936538,0.360718259,,,
3.960545221,0.964071492,0.336579209,,,
3.086878835,0.539701864,0.211068918,,,
3.163561829,0.950539817,0.076988727,,,
4.634630686,0.667981561,0.681927398,,,
5.128870401,0.874241028,0.765275632,,,
3.860592589,0.481204922,0.488227854,,,
4.237513198,0.137398538,0.712531081,,,
4.912496399,0.690221543,0.766321708,,,
3.416306552,0.50211855,0.333338246,,,
4.837010483,0.074511081,0.928002121,,,
4.807654169,0.523512287,0.790067886,,,
3.89485114,0.918567723,0.334871122,,,
3.576153356,0.527428696,0.378265124,,,
4.172248749,0.364247868,0.628346122,,,
3.39677292,0.928186295,0.164630222,,,
4.083230536,0.492691425,0.558721049,,,
3.471221038,0.236407033,0.431055309,,,
2.602214343,0.531415381,0.052289287,,,
2.667435682,0.165255328,0.182023721,,,
3.154586998,0.371386996,0.286997037,,,
2.691770823,0.742251806,0.006328694,,,
3.622890109,0.237040572,0.481439186,,,
2.73944733,0.39196365,0.142423046,,,
4.533590842,0.059389742,0.830521983,,,
3.543529864,0.102768934,0.489899131,,,
3.194190332,0.557250124,0.240909499,,,
4.464263528,0.819302311,0.566570361,,,
4.791683085,0.489810384,0.795807595,,,
3.574656118,0.902306965,0.235201262,,,
3.239819191,0.490044362,0.278443709,,,
4.034220685,0.00303589,0.677371383,,,
5.561384358,0.843662147,0.922261523,,,
3.177142834,0.54368872,0.239816002,,,
3.394774195,0.13869147,0.431289353,,,
2.223468842,0.08572875,0.054081726,,,
5.164072206,0.40161209,0.947696344,,,
5.278759993,0.826978627,0.834931221,,,
4.232432801,0.806162556,0.494626184,,,
4.718259244,0.20954603,0.853978325,,,
4.284479316,0.302187907,0.683822135,,,
3.899053192,0.753459329,0.404407626,,,
3.99716682,0.125182324,0.635507088,,,
4.620945569,0.88233405,0.592530141,,,
4.236401518,0.934487374,0.441730035,,,
4.927141359,0.142471996,0.941115519,,,
4.368590995,0.189497022,0.742741641,,,
4.066973136,0.404602236,0.58108308,,,
2.85954555,0.473948003,0.156880158,,,
4.817692734,0.099067939,0.915537158,,,
3.850049498,0.474712346,0.486802794,,,
5.263361391,0.844694292,0.822492411,,,
5.230167044,0.791872585,0.832948942,,,
4.751700005,0.359023054,0.823047636,,,
5.333596323,0.745636084,0.885627651,,,
2.804530135,0.53095857,0.11988041,,,
5.239297003,0.450298228,0.957658112,,,
3.596612351,0.666655962,0.336407693,,,
2.988411608,0.56413485,0.169970329,,,
3.038248373,0.005031805,0.344918167,,,
2.921551192,0.281525744,0.235357179,,,
5.257696373,0.827953618,0.827510257,,,
3.209955041,0.009036401,0.401223943,,,
3.520944726,0.381923903,0.405955437,,,
4.224240141,0.611081895,0.565611981,,,
4.716617214,0.656390442,0.713494315,,,
4.800944306,0.1095264,0.907356765,,,
3.016241041,0.31812795,0.256509761,,,
3.20763984,0.87589691,0.124163738,,,
4.590150982,0.119152308,0.834684824,,,
4.362663606,0.220445999,0.732523298,,,
2.511281031,0.430121716,0.054644596,,,
4.738026218,0.274463322,0.842827386,,,
5.802033095,0.91755198,0.971041898,,,
3.926193914,0.747986597,0.415582177,,,
4.554750185,0.690640658,0.646916699,,,
4.090299377,0.864744168,0.423094219,,,
5.254989036,0.495925301,0.948254698,,,
3.358926891,0.722976598,0.236114283,,,
4.768888568,0.784094557,0.682292444,,,
4.550493728,0.772777184,0.613979381,,,
3.026011842,0.405889445,0.233702119,,,
2.495676477,0.521991888,0.019913347,,,
5.713412701,0.816949003,0.983912076,,,
2.908480889,0.085769754,0.282409021,,,
3.536648194,0.231677991,0.454149444,,,
2.755765132,0.778202285,0.01359087,,,
3.319306919,0.842962636,0.175192352,,,
2.762162273,0.221695412,0.198686374,,,
5.140010761,0.228750804,0.989396968,,,
2.665244515,0.151891149,0.184739872,,,
3.440976287,0.310286064,0.400340916,,,
3.293313453,0.808944472,0.180461418,,,
4.596127713,0.027646989,0.858926494,,,
3.91821108,0.506583721,0.499176341,,,
3.275954617,0.158910119,0.386503737,,,
4.565040172,0.442910486,0.735232092,,,
2.906712679,0.918732866,0.005419507,,,
3.693890492,0.209248546,0.512601544,,,
5.236345333,0.331925523,0.992551046,,,
3.609613278,0.786460472,0.29492525,,,
3.299978634,0.997696986,0.101056248,,,
5.039908872,0.80663681,0.763593243,,,
3.658694739,0.2301303,0.495251286,,,
4.157463899,0.728859211,0.500045278,,,
2.865244587,0.16638432,0.247667397,,,
5.544690721,0.938365535,0.8761116,,,
3.119497207,0.947284927,0.063752269,,,
4.680752475,0.504583358,0.754012965,,,
3.951346237,0.815396015,0.397188366,,,
4.36801831,0.526068915,0.642672735,,,
3.567545906,0.508168242,0.381767549,,,
4.536795434,0.625307459,0.664751969,,,
3.615203875,0.008790231,0.536364117,,,
3.872739293,0.276589826,0.553803692,,,
4.379577483,0.176840846,0.749723875,,,
3.565190995,0.579102526,0.357090459,,,
4.158861864,0.240147532,0.659249475,,,
2.982927258,0.51156439,0.185777351,,,
2.785597839,0.523733391,0.115975671,,,
2.953462614,0.744170865,0.092817091,,,
2.943448475,0.262984847,0.247829899,,,
3.188054081,0.85811552,0.125128355,,,
4.473703264,0.182086423,0.779726606,,,
4.20605948,0.736817117,0.513188111,,,
4.296454897,0.623471825,0.585292264,,,
3.140098401,0.238691646,0.320058758,,,
3.613440632,0.958432516,0.223414387,,,
5.125473651,0.994573411,0.710994123,,,
3.229157408,0.415487048,0.298469513,,,
2.468702195,0.318172821,0.073983887,,,
3.847127431,0.89766795,0.328025141,,,
4.20679947,0.617298101,0.557599959,,,
2.581842231,0.115658165,0.166124338,,,
2.990428543,0.192360628,0.282598903,,,
5.054164088,0.421100669,0.905071801,,,
3.621210795,0.519146088,0.396034678,,,
5.070169849,0.830490709,0.763959911,,,
4.966976181,0.609454925,0.813764503,,,
4.114594675,0.550596333,0.549967893,,,
3.323285589,0.030124004,0.4340619,,,
4.579491704,0.403577304,0.752235961,,,
3.76094279,0.936708023,0.282262435,,,
5.174429458,0.490920775,0.923029311,,,
4.815967668,0.713808005,0.725280043,,,
3.547424326,0.48310961,0.383223721,,,
3.070339153,0.239755114,0.296515646,,,
3.300079694,0.767752244,0.199154899,,,
3.492036922,0.264046584,0.43039824,,,
4.220688617,0.336806588,0.652576894,,,
4.811189692,0.991796453,0.607509983,,,
3.360128137,0.004018292,0.452446329,,,
2.785244855,0.535545168,0.111918356,,,
4.208589236,0.449490503,0.614343773,,,
3.55342412,0.460133812,0.392584904,,,
2.282634902,0.283327931,0.021878649,,,
4.386671503,0.436835571,0.677679837,,,
2.465465657,0.448843099,0.033506797,,,
3.777999162,0.650732721,0.402677937,,,
5.541463828,0.890096191,0.896054713,,,
3.214641212,0.255976115,0.340165932,,,
5.15974307,0.922509831,0.754777744,,,
3.388922292,0.428903297,0.347570821,,,
5.768268484,0.932952995,0.953029553,,,
3.170406479,0.404617296,0.282222921,,,
2.187988135,0.139013058,0.028945523,,,
5.530560496,0.956036318,0.86352928,,,
2.302776897,0.205609025,0.049867949,,,
3.586417529,0.353372474,0.436291326,,,
4.008955955,0.475214633,0.539610313,,,
4.258467266,0.342543252,0.663492456,,,
2.248483047,0.246097372,0.020829501,,,
3.227182333,0.186814538,0.362978213,,,
4.520241327,0.862914562,0.567177511,,,
3.10878324,0.828717354,0.11089255,,,
5.311291947,0.969565093,0.784347255,,,
2.361649471,0.283799584,0.048084194,,,
5.008044225,0.210597943,0.950292179,,,
3.132101193,0.840396252,0.113853109,,,
2.704733729,0.159557265,0.195929804,,,
4.660673811,0.941463981,0.580065916,,,
4.511274687,0.415488415,0.725841518,,,
4.495322107,0.077611731,0.81335081,,,
3.751242573,0.841751269,0.319672731,,,
5.683598742,0.806799084,0.978090949,,,
5.230586084,0.522084692,0.931519092,,,
3.203990393,0.647045198,0.21267758,,,
4.194315211,0.00200704,0.730974356,,,
2.779540836,0.758274027,0.029358338,,,
4.765835258,0.329308931,0.836474622,,,
4.871020698,0.798074908,0.7107471,,,
5.801934382,0.999873058,0.934036784,,,
2.771333364,0.30360957,0.179034939,,,
3.250843021,0.748319404,0.190336057,,,
4.285786088,0.68142247,0.560688625,,,
3.811011709,0.312429188,0.523071617,,,
4.758417267,0.835533692,0.657966736,,,
5.406284857,0.917680207,0.839069853,,,
2.219632246,0.22117541,0.017983109,,,
3.268887249,0.78995455,0.179955752,,,
3.265289693,0.25407255,0.357573617,,,
3.545227748,0.851707368,0.246864126,,,
3.991507256,0.310292453,0.583849409,,,
2.876614085,0.047085456,0.281146167,,,
5.125589921,0.478464508,0.91077664,,,
2.982165274,0.474054986,0.197719066,,,
3.30203299,0.720415198,0.218125613,,,
5.429159453,0.800252525,0.895917848,,,
5.005262558,0.488513509,0.867421339,,,
4.809667783,0.701456765,0.727840604,,,
4.730254012,0.319179315,0.82754446,,,
5.75166601,0.90818223,0.958328862,,,
4.203118528,0.463158077,0.608187445,,,
3.048890947,0.469304208,0.221483112,,,
5.463287489,0.568454594,0.993451093,,,
4.484253339,0.517491559,0.684263057,,,
5.334360854,0.480473768,0.979719697,,,
3.198079422,0.172140728,0.357116764,,,
4.849260033,0.873229362,0.672500489,,,
5.061731379,0.098917116,0.996920695,,,
4.011886939,0.079697332,0.651696877,,,
3.525981001,0.541244068,0.35691805,,,
4.784997041,0.545075727,0.775300037,,,
4.811372353,0.582018514,0.771476719,,,
4.47039851,0.372601632,0.725237687,,,
3.848528612,0.410231394,0.506543224,,,
4.52993609,0.995914884,0.511863751,,,
5.178159586,0.650581342,0.869452986,,,
4.016965897,0.762490766,0.440182997,,,
3.676667171,0.041409942,0.549182694,,,
3.894186606,0.196325078,0.582803521,,,
3.880299847,0.799294327,0.380016715,,,
4.761265614,0.174895403,0.877461019,,,
5.841213377,0.997652334,0.948155095,,,
4.381099784,0.54508807,0.640663457,,,
2.976718154,0.153450647,0.288163877,,,
4.896606847,0.998696586,0.632804316,,,
5.121448146,0.456643329,0.916367678,,,
2.777527427,0.604859897,0.085565457,,,
4.339035924,0.412510129,0.669345444,,,
4.355355414,0.57457965,0.622037309,,,
3.135243851,0.991214977,0.049128491,,,
4.982108555,0.037415749,0.985278235,,,
4.249278261,0.716169338,0.535488014,,,
3.893141287,0.448252547,0.509584878,,,
4.50516971,0.779568823,0.596183986,,,
4.177774098,0.321207549,0.642799416,,,
3.830614288,0.068991539,0.593877037,,,
4.558623077,0.275366487,0.782773858,,,
3.954820973,0.336007013,0.564187601,,,
5.050370272,0.865079216,0.742976865,,,
3.590419677,0.613413801,0.353514885,,,
3.211384135,0.108028414,0.377876588,,,
4.926923338,0.417001469,0.863924559,,,
4.3619128,0.287988836,0.713658578,,,
2.576137256,0.051511722,0.179928988,,,
3.632796556,0.554922542,0.387902267,,,
3.563040502,0.133724621,0.488639334,,,
4.827416561,0.097842947,0.919081456,,,
5.434991125,0.648122091,0.955954712,,,
4.469898519,0.830037752,0.564055546,,,
3.875965374,0.475256546,0.495266657,,,
3.500902639,0.583045071,0.334298302,,,
3.524639371,0.658153094,0.31552608,,,
5.604292124,0.982617069,0.876081796,,,
4.493264687,0.315258315,0.749676758,,,
5.408301225,0.826296825,0.878391018,,,
4.233095221,0.131227285,0.712623407,,,
4.266234288,0.2847578,0.682676185,,,
2.973816074,0.571855224,0.162460754,,,
3.725200926,0.546975483,0.421393792,,,
2.349241823,0.066682726,0.100645347,,,
4.905061611,0.145045797,0.933098619,,,
3.408364878,0.74186929,0.2453412,,,
3.683187407,0.60632757,0.386936134,,,
4.667502945,0.352633805,0.796871112,,,
4.307971451,0.224765149,0.713128149,,,
3.347110547,0.300804361,0.371759843,,,
4.992209091,0.970121367,0.677734567,,,
3.664140435,0.356057582,0.461405646,,,
3.73352952,0.298311454,0.501275069,,,
4.691298998,0.490149861,0.762236076,,,
3.098597667,0.841057585,0.102411609,,,
4.610843556,0.122228721,0.840809525,,,
4.984862592,0.196117484,0.946417135,,,
3.641156343,0.369700931,0.449690463,,,
5.417106289,0.771546431,0.90333588,,,
4.192834909,0.851548012,0.462799621,,,
4.552800682,0.630653492,0.668178179,,,
4.75358613,0.302692467,0.840047305,,,
3.629349575,0.259982883,0.477295026,,,
3.636804704,0.523823781,0.399681266,,,
2.327420814,0.045202366,0.098530971,,,
3.545164179,0.878361567,0.23562592,,,
3.879234748,0.275791198,0.556192299,,,
2.572030105,0.107261808,0.164949423,,,
2.431874324,0.514499774,0.001125191,,,
5.244782391,0.635750331,0.897012254,,,
3.260629669,0.360439857,0.325604138,,,
4.910440167,0.645179974,0.782168598,,,
4.995260801,0.241746954,0.937612405,,,
3.525292145,0.31924616,0.425871235,,,
4.771545957,0.10751604,0.898058094,,,
3.778470052,0.822994431,0.336465337,,,
3.417187715,0.349560371,0.381005141,,,
4.898368998,0.954833098,0.653337873,,,
3.211676774,0.294215258,0.328486323,,,
2.91853393,0.880198636,0.025968407,,,
4.015224936,0.694136999,0.465769536,,,
3.233561503,0.635721414,0.226615673,,,
3.91188119,0.047489724,0.626138684,,,
4.062270133,0.521279709,0.542347455,,,
3.888140264,0.36148436,0.534464399,,,
5.921703403,0.965674373,0.989575732,,,
5.347596857,0.91091903,0.822451327,,,
3.87358422,0.084884042,0.604327243,,,
2.749616377,0.412944371,0.139405367,,,
4.831894821,0.307703693,0.864719589,,,
2.636424539,0.36654167,0.115721979,,,
3.755318596,0.889626257,0.300874164,,,
4.153454241,0.605856093,0.543857558,,,
3.329522743,0.649696558,0.253561519,,,
4.708005855,0.569515199,0.741327019,,,
4.692923209,0.730925778,0.677739809,,,
4.912195409,0.08926918,0.949454754,,,
4.036645413,0.655487815,0.48716565,,,
2.492875197,0.063276968,0.149346289,,,
4.579153969,0.148880508,0.823481719,,,
4.207680359,0.343468617,0.646292298,,,
3.768715058,0.810313625,0.338374149,,,
4.960244087,0.828574728,0.728104691,,,
4.859174964,0.713259194,0.739890407,,,
2.746783393,0.471527714,0.120068804,,,
3.799994987,0.609681185,0.424691007,,,
3.255092816,0.943593216,0.110593428,,,
3.280602146,0.792101275,0.183002488,,,
3.792353558,0.179527037,0.553280336,,,
5.336327726,0.660746348,0.918475823,,,
4.127717996,0.603110799,0.536243217,,,
4.150453273,0.624114458,0.536396261,,,
4.353275449,0.964911802,0.46711042,,,
2.651590244,0.688172337,0.013449734,,,
3.122985794,0.572127214,0.212090573,,,
4.156430394,0.230160834,0.661154896,,,
5.215930317,0.674240208,0.873391389,,,
5.483974735,0.606892242,0.986999918,,,
3.217372352,0.379615597,0.305459063,,,
2.890840668,0.557782141,0.139612036,,,
3.856957177,0.082594399,0.59934553,,,
3.966543407,0.656882179,0.463290609,,,
3.2625089,0.395553352,0.31568723,,,
2.816053671,0.338354003,0.183913459,,,
4.793420284,0.716891428,0.716594536,,,
2.748903622,0.388203934,0.146713521,,,
4.288819489,0.397229009,0.657281177,,,
3.84321704,0.747975097,0.387927681,,,
2.315978472,0.36486211,0.009406643,,,
4.076464976,0.203065334,0.641774452,,,
5.795334278,0.949742413,0.954602172,,,
2.92214849,0.304615386,0.229019721,,,
3.327330111,0.143458789,0.407593355,,,
2.669414761,0.109336232,0.196894317,,,
2.270785912,0.302178044,0.01259381,,,
5.10669873,0.405560463,0.927365111,,,
2.775884666,0.248865046,0.195870907,,,
3.611330169,0.353703468,0.444497827,,,
3.085258182,0.701641234,0.152968092,,,
2.245044896,0.275019291,0.011678209,,,
2.634627947,0.053351378,0.198985103,,,
4.753698002,0.319125654,0.835374592,,,
4.520111399,0.266685483,0.772356891,,,
5.152752632,0.589028767,0.882839629,,,
3.470290027,0.697966497,0.282691129,,,
5.100893898,0.766718976,0.799832629,,,
4.668091641,0.388826093,0.786254686,,,
4.375695024,0.745506648,0.56637736,,,
5.834718902,0.958096912,0.963991138,,,
2.835553671,0.641189577,0.091979686,,,
2.392460825,0.228998192,0.073480003,,,
3.613105019,0.661466742,0.343805053,,,
4.234132099,0.08380251,0.724774801,,,
3.020978302,0.601815034,0.167784545,,,
4.740916664,0.229153586,0.856256534,,,
3.613718086,0.941120512,0.231233062,,,
2.64272185,0.4076557,0.105397775,,,
3.454934942,0.821197726,0.229354233,,,
4.583874412,0.955496597,0.548209125,,,
3.097033285,0.837779579,0.103245351,,,
2.647637628,0.599366139,0.04419562,,,
2.693372056,0.401828152,0.124063678,,,
4.770215131,0.614649488,0.746343064,,,
3.033130288,0.765450898,0.111076363,,,
4.692311047,0.591092397,0.728641369,,,
3.710917889,0.455871747,0.446435513,,,
4.183083145,0.106380654,0.702186339,,,
3.526185108,0.082451666,0.489123094,,,
3.264942966,0.309761945,0.34181327,,,
2.567819852,0.162413664,0.149553967,,,
4.960319688,0.877580978,0.707675877,,,
5.027001073,0.043154655,0.998878891,,,
4.664330068,0.80689426,0.638296255,,,
3.063480875,0.910472964,0.061273087,,,
3.845074073,0.457599203,0.490606466,,,
4.461629047,0.030815084,0.813346638,,,
4.096677679,0.486671177,0.565156545,,,
4.505155674,0.783290502,0.594701299,,,
4.997127161,0.699354276,0.791116435,,,
3.529168726,0.825257007,0.252439357,,,
3.641533096,0.771269323,0.311587436,,,
4.409242616,0.371022162,0.705324606,,,
5.289937178,0.902988873,0.806667068,,,
5.100791528,0.547842288,0.8796313,,,
4.491738204,0.40975059,0.721094024,,,
5.377662474,0.883987319,0.84406457,,,
5.321279335,0.789126969,0.864416962,,,
4.676253223,0.152400936,0.854945222,,,
4.808345219,0.495446584,0.799529381,,,
3.384379836,0.413261536,0.35089561,,,
4.632294452,0.512578404,0.7352323,,,
3.364925034,0.673503566,0.256661157,,,
3.637251093,0.469223626,0.417628936,,,
4.699168701,0.023600843,0.894225101,,,
4.952111614,0.675056822,0.785150652,,,
4.125243728,0.263459229,0.641630106,,,
3.150701894,0.701403993,0.174871802,,,
5.418537847,0.832227271,0.879368642,,,
3.276511734,0.896744632,0.138217229,,,
3.393769187,0.044086953,0.454246243,,,
3.527757112,0.495774139,0.372559974,,,
4.549162342,0.313874413,0.768706962,,,
4.61703687,0.028396657,0.865719606,,,
2.345020517,0.237816202,0.055271388,,,
4.025518516,0.749480092,0.44811055,,,
3.388407571,0.120683617,0.433719214,,,
4.831900463,0.818986199,0.68924487,,,
3.949636068,0.870367558,0.373835824,,,
3.291033635,0.694910759,0.224083113,,,
2.893204412,0.911370714,0.004124257,,,
4.72118537,0.901900657,0.617553115,,,
3.211826601,0.123593365,0.3741272,,,
4.459545489,0.95064293,0.508937236,,,
5.202359448,0.708685778,0.856014929,,,
5.780253591,0.90192001,0.9705675,,,
3.450501477,0.614004283,0.306666721,,,
5.584808314,0.802881651,0.946742008,,,
5.771592724,0.88743383,0.973903326,,,
3.2330091,0.85844045,0.13997726,,,
2.499598323,0.274322472,0.096724115,,,
4.728155134,0.603329027,0.736312335,,,
3.633228959,0.982764309,0.218993513,,,
3.354504559,0.442348408,0.331896721,,,
4.121079542,0.049304878,0.69543777,,,
4.413972037,0.266037668,0.737157131,,,
3.256852538,0.410382893,0.309271347,,,
4.406985843,0.989162845,0.473984348,,,
4.758784622,0.742061801,0.695406725,,,
4.40846166,0.47447262,0.673017145,,,
5.173517863,0.860152216,0.786096014,,,
4.17032845,0.147131107,0.687654412,,,
3.336018491,0.343551835,0.355713945,,,
4.611994995,0.63165093,0.687552684,,,
3.730613454,0.119239013,0.548150556,,,
2.442267479,0.305290884,0.068866575,,,
3.416458694,0.162642034,0.432374524,,,
2.737507123,0.21877262,0.191254673,,,
5.564400778,0.976997078,0.865345573,,,
4.178017056,0.29467503,0.650469469,,,
3.767964799,0.969408991,0.269975497,,,
4.786817828,0.364609767,0.833094836,,,
3.793221574,0.896839009,0.310413242,,,
4.913355152,0.598981985,0.79956925,,,
4.048344585,0.222501604,0.627196541,,,
5.055257651,0.358284388,0.924452353,,,
5.956185172,0.975250449,0.996734238,,,
4.485579057,0.514612015,0.685656389,,,
4.998979683,0.378063245,0.89979455,,,
4.0040562,0.335406825,0.580774349,,,
4.575670821,0.658292413,0.665819097,,,
4.341493835,0.264174261,0.713515118,,,
2.545199608,0.389951852,0.078283312,,,
2.260722598,0.046669409,0.075948307,,,
2.79840613,0.653754184,0.075049775,,,
3.32017074,0.34735717,0.349314268,,,
3.07939391,0.234157506,0.301058084,,,
2.697413921,0.350387049,0.140837102,,,
2.664349659,0.666650904,0.025655317,,,
4.272449937,0.040083535,0.748092193,,,
2.8608491,0.729787172,0.067484892,,,
5.411938611,0.920031499,0.839927335,,,
3.551995363,0.624651262,0.336719095,,,
3.795083346,0.214242577,0.544996216,,,
5.132847771,0.878875211,0.764635583,,,
3.942796287,0.142860449,0.612901415,,,
3.482522897,0.070550452,0.477468541,,,
2.400609595,0.01470189,0.130122307,,,
4.913056885,0.32664113,0.886322225,,,
2.79577385,0.420101237,0.152584135,,,
3.736329123,0.089722672,0.557387841,,,
5.503776781,0.808016883,0.917657878,,,
3.818562312,0.261097037,0.540057563,,,
3.476811003,0.436016824,0.374648999,,,
3.244008307,0.611570197,0.238695682,,,
2.34166224,0.421352832,0.000826502,,,
3.662170373,0.92576906,0.254157909,,,
3.066610813,0.802266732,0.107590651,,,
3.339371291,0.297845095,0.370021475,,,
3.276452816,0.167889363,0.384346356,,,
4.75019148,0.147291687,0.880901001,,,
3.179334006,0.3163823,0.311376616,,,
4.422806496,0.575473435,0.644213366,,,
5.44395443,0.938610574,0.842424331,,,
3.663732031,0.892181064,0.26925072,,,
3.930454681,0.983040762,0.317942511,,,
4.99643673,0.614749902,0.821714738,,,
5.406715522,0.498189423,0.998091893,,,
5.289465906,0.551174155,0.941396054,,,
4.10138785,0.719085064,0.485083368,,,
4.165046603,0.367329962,0.625027785,,,
3.777933764,0.858461414,0.321610033,,,
4.905844757,0.161725834,0.929073419,,,
4.963326607,0.932432535,0.684945135,,,
4.55464652,0.256003454,0.786826825,,,
4.576570835,0.172806072,0.816440653,,,
3.658238864,0.647312634,0.363996967,,,
3.445828265,0.115551553,0.45414637,,,
2.746691112,0.243690875,0.187557742,,,
5.327223033,0.984287845,0.782962175,,,
3.483737801,0.603567274,0.321422922,,,
5.548671548,0.806463746,0.933250739,,,
3.307423243,0.256059176,0.371070358,,,
4.556064802,0.912968621,0.557716276,,,
4.413729607,0.622868332,0.624598602,,,
4.131264062,0.541819217,0.55848565,,,
4.370587905,0.073851581,0.772688345,,,
5.033570717,0.785035409,0.770145369,,,
3.519127989,0.029229456,0.49955368,,,
2.26989669,0.140090285,0.055974205,,,
3.807520072,0.510305324,0.461056155,,,
3.009320478,0.981238961,0.011720141,,,
3.50972615,0.858972059,0.23199354,,,
2.938677622,0.647426708,0.124101937,,,
3.257724187,0.724187468,0.20191807,,,
3.825382737,0.44808261,0.487052262,,,
4.884728872,0.408558505,0.852456658,,,
5.815942815,0.923869746,0.972915161,,,
2.153122056,0.046810009,0.040047904,,,
4.351127992,0.385407735,0.68163303,,,
4.972518631,0.19131455,0.943571668,,,
5.037660341,0.684257801,0.810261745,,,
4.016810464,0.95232029,0.360609424,,,
4.536339691,0.812250763,0.593463637,,,
4.474490611,0.079935032,0.805840056,,,
3.268702507,0.445530489,0.302295911,,,
5.536609445,0.832247239,0.918717627,,,
4.242659847,0.066876949,0.731737688,,,
3.812107014,0.196123552,0.555497003,,,
4.608812837,0.080610858,0.850449048,,,
3.688015909,0.131587647,0.530839101,,,
2.9513902,0.120314263,0.288139529,,,
5.090340927,0.760394226,0.798795827,,,
5.056692455,0.848427153,0.752051857,,,
2.680954589,0.175648845,0.183827441,,,
4.569181119,0.93164727,0.553909479,,,
3.987370185,0.579933943,0.497529793,,,
3.523842484,0.621226493,0.328553396,,,
3.966361465,0.997145006,0.323438471,,,
3.591306686,0.119662188,0.501608752,,,
3.738724551,0.703882847,0.369947234,,,
2.690404793,0.422039516,0.116861498,,,
5.887307611,0.943335949,0.988112673,,,
5.550577173,0.706242294,0.973009399,,,
2.496997439,0.297925444,0.089207368,,,
2.790720825,0.740372581,0.040037867,,,
3.702475854,0.489682565,0.432779988,,,
4.184751721,0.140207147,0.69422946,,,
4.262704957,0.512298616,0.612128014,,,
3.095224697,0.776829183,0.127287888,,,
4.85398786,0.116563812,0.923279428,,,
4.927885165,0.184367991,0.930522032,,,
4.669118788,0.864535514,0.616121807,,,
2.483650531,0.412313762,0.05094403,,,
2.885680308,0.783426784,0.054821982,,,
5.619214783,0.715209569,0.992497701,,,
2.890409245,0.625452431,0.115904902,,,
3.347779059,0.107939296,0.423363753,,,
4.324297913,0.856159903,0.504694787,,,
2.87701177,0.325787624,0.207887755,,,
4.730516141,0.323554709,0.826368664,,,
4.361523593,0.588438119,0.619301855,,,
2.507090749,0.231525845,0.111004904,,,
2.501091755,0.213977203,0.113736809,,,
4.346199873,0.925820811,0.482145027,,,
5.544704091,0.705355089,0.97138605,,,
4.48451895,0.640629833,0.641836442,,,
5.042840918,0.857729076,0.743552461,,,
3.685594142,0.548759171,0.407589044,,,
4.871437598,0.742981206,0.732602305,,,
4.90834818,0.183726186,0.924178169,,,
4.774635672,0.595793172,0.754444141,,,
5.652201757,0.768029256,0.983086603,,,
3.450752664,0.39346793,0.379068522,,,
4.748908024,0.255056719,0.851841788,,,
4.281469723,0.319639432,0.677817042,,,
4.963964914,0.14436437,0.952907107,,,
4.037404539,0.041785487,0.669339175,,,
5.339186049,0.757774267,0.882768687,,,
5.411677049,0.525621697,0.990707753,,,
2.751815549,0.328473043,0.165377301,,,
4.971802029,0.844191865,0.725514397,,,
5.205409619,0.750641155,0.840956403,,,
4.623577816,0.159679937,0.83551284,,,
5.034524458,0.502313211,0.872680511,,,
4.12779391,0.213900236,0.655991487,,,
4.768359775,0.337890482,0.834817542,,,
3.237930034,0.776002529,0.175183487,,,
2.830409392,0.194063157,0.228809447,,,
4.880230977,0.974141407,0.638586416,,,
5.107546431,0.680974338,0.834774763,,,
4.318238293,0.677754023,0.572863599,,,
2.832356611,0.437907801,0.159239403,,,
3.148608535,0.209284174,0.330831375,,,
5.2100859,0.444039883,0.94989248,,,
4.627914675,0.166726747,0.835135294,,,
3.183284764,0.003506884,0.393617007,,,
5.027410144,0.663269374,0.814580915,,,
3.061049185,0.785606906,0.112410617,,,
2.410841135,0.00930501,0.134790183,,,
2.555457427,0.18658921,0.139129165,,,
3.554418677,0.912018921,0.224247261,,,
3.539900286,0.538620923,0.362438987,,,
3.641014905,0.754771926,0.317883363,,,
2.69468195,0.230582492,0.173791123,,,
4.590801734,0.486383984,0.729957532,,,
2.529884648,0.527968574,0.029329062,,,
5.41723983,0.570902557,0.977262415,,,
3.02061601,0.510883142,0.198564606,,,
3.285083186,0.971067199,0.10826435,,,
3.586580747,0.42408963,0.414951723,,,
4.47845944,0.515010983,0.683151474,,,
4.093874363,0.938112029,0.392618383,,,
4.113036073,0.687197257,0.50096122,,,
4.232420388,0.433757514,0.627224451,,,
3.13557152,0.947171037,0.069161112,,,
4.051217847,0.440503321,0.564713384,,,
4.849399955,0.947790363,0.640161299,,,
4.704885566,0.432003887,0.785259799,,,
4.373242542,0.962490483,0.474857205,,,
3.318695639,0.039048918,0.430419788,,,
2.55378679,0.572347247,0.022281984,,,
4.055301808,0.060056358,0.670931774,,,
2.4874298,0.075533859,0.144559634,,,
4.408913262,0.095246786,0.780221712,,,
2.804127046,0.171924695,0.225855541,,,
5.146821829,0.687006852,0.845627303,,,
4.674448147,0.88077558,0.611027737,,,
4.472492979,0.966617182,0.506080025,,,
3.692645449,0.084786374,0.544038252,,,
2.58962304,0.016090826,0.192802433,,,
4.387525826,0.415192024,0.684683225,,,
2.811043068,0.322194991,0.186937266,,,
3.027113564,0.939789217,0.036288536,,,
2.988336535,0.160050949,0.290336646,,,
2.228633874,0.289770585,0.002062668,,,
2.75265626,0.493573881,0.114909315,,,
3.833723415,0.587207776,0.443795713,,,
4.692640499,0.072532033,0.880359957,,,
3.255692032,0.387785535,0.315769491,,,
3.797456899,0.290524106,0.524790792,,,
3.487254762,0.156347148,0.457597659,,,
5.025975263,0.569603589,0.847286514,,,
5.084342502,0.390686976,0.924441657,,,
2.924265636,0.925182408,0.008447106,,,
3.027300315,0.982698636,0.017047285,,,
3.106304094,0.01334871,0.365669512,,,
3.254035584,0.68037281,0.217160587,,,
4.591420198,0.736767273,0.641660875,,,
2.947344461,0.530494993,0.167639921,,,
2.935419227,0.862648635,0.039015213,,,
3.29895695,0.558040181,0.275563028,,,
3.980234159,0.644773043,0.472246951,,,
3.316746049,0.894128337,0.152753128,,,
4.199116373,0.308359441,0.653605868,,,
2.671423982,0.51129022,0.082033224,,,
4.975994374,0.801238863,0.744465832,,,
3.81733495,0.404032215,0.498044655,,,
3.725613823,0.732899291,0.35454604,,,
3.557077721,0.357340719,0.42533845,,,
5.26884241,0.633190572,0.905950378,,,
3.383986995,0.667774938,0.265122014,,,
4.543792682,0.087294124,0.827138977,,,
2.995753501,0.672900131,0.133826304,,,
4.073547962,0.813120492,0.438846763,,,
3.880064006,0.482321208,0.494358159,,,
3.482269431,0.337933094,0.406108317,,,
3.180809532,0.670867121,0.196259992,,,
3.822312396,0.400971976,0.500638401,,,
3.996112951,0.885831501,0.382761212,,,
4.090316672,0.718745662,0.481522047,,,
3.417411088,0.393981319,0.367798825,,,
4.523136892,0.023073465,0.835671669,,,
4.79501228,0.159970606,0.892582635,,,
3.473327625,0.29717765,0.414863117,,,
5.304538119,0.490712375,0.966466528,,,
3.560979565,0.155755877,0.482324812,,,
4.944216465,0.150554464,0.944740159,,,
4.235090417,0.192523933,0.697443079,,,
2.763859424,0.01599154,0.250904424,,,
3.692960829,0.848402996,0.297484698,,,
4.814134405,0.667472267,0.7419489,,,
3.42242366,0.45940763,0.349148841,,,
2.793456692,0.293436772,0.189300127,,,
3.02841042,0.297064265,0.26658957,,,
3.207854825,0.755561518,0.173188751,,,
4.65872851,0.960652322,0.570846278,,,
4.63542893,0.700889464,0.669974091,,,
3.971311196,0.803283813,0.408747507,,,
5.005532723,0.950115571,0.691168434,,,
3.08183766,0.813312226,0.108198821,,,
2.48988522,0.311024705,0.083098893,,,
2.603333012,0.196383622,0.152503491,,,
5.23471698,0.869208856,0.802685352,,,
2.461160742,0.427262248,0.038827113,,,
5.019080619,0.089763889,0.984961539,,,
2.395773651,0.11299525,0.104767483,,,
4.132124906,0.232198584,0.652500421,,,
3.251318855,0.241168694,0.35645637,,,
4.299607776,0.184364053,0.721097269,,,
3.512223524,0.579385263,0.339337033,,,
4.218042142,0.31416699,0.658249524,,,
4.756011194,0.078375043,0.900061013,,,
4.185166396,0.066273409,0.712719237,,,
4.849749357,0.665146478,0.754673364,,,
4.442883267,0.54194295,0.662317098,,,
3.444298208,0.746965661,0.255346294,,,
3.325750162,0.442839925,0.322157583,,,
3.252557738,0.626958609,0.236083926,,,
5.894628084,0.954435922,0.985602089,,,
2.548298985,0.127155663,0.152053535,,,
3.891515745,0.279225701,0.559324116,,,
4.313541278,0.097213215,0.74794537,,,
2.997463794,0.632826658,0.148954566,,,
5.849802659,0.990831345,0.954157604,,,
3.833463554,0.158154211,0.572534988,,,
3.203951334,0.248132802,0.338760782,,,
3.601489269,0.981529924,0.208977009,,,
3.693264579,0.857134114,0.293942743,,,
4.655367978,0.34566588,0.794876873,,,
2.745597723,0.280109932,0.177103438,,,
4.61715792,0.428036127,0.75725234,,,
5.031367139,0.932237241,0.707711423,,,
4.487153106,0.094089975,0.806587067,,,
3.33542044,0.851584687,0.176979507,,,
4.429228966,0.50597706,0.669714729,,,
4.199184859,0.569068803,0.571873058,,,
3.982528627,0.181465117,0.616164556,,,
3.052297334,0.695486433,0.14428899,,,
3.106388181,0.580777948,0.203577548,,,
3.65878686,0.557158232,0.395806249,,,
2.422718973,0.276735541,0.070422801,,,
3.597888409,0.676026795,0.333384967,,,
4.378723426,0.105349397,0.767656179,,,
3.336756224,0.324244279,0.361582597,,,
3.136413602,0.403186694,0.271329293,,,
4.936505566,0.750419695,0.751407804,,,
5.306610716,0.853690485,0.833164334,,,
3.664123835,0.951469224,0.243427592,,,
4.234966317,0.923633331,0.446026617,,,
3.12982883,0.158033596,0.338021175,,,
4.11767493,0.24896592,0.643106632,,,
3.308968506,0.47941166,0.30493117,,,
3.722992328,0.324364173,0.490293281,,,
4.130442703,0.877297547,0.43117052,,,
3.467859078,0.760421458,0.257957886,,,
4.162379908,0.376316983,0.621451992,,,
3.745640947,0.591790613,0.412841597,,,
3.544970863,0.901292559,0.225744087,,,
4.209389979,0.979620156,0.412481276,,,
5.434806598,0.630492089,0.962237885,,,
4.245554798,0.580333478,0.583453325,,,
5.12855038,0.491708574,0.907480415,,,
3.22824735,0.603586471,0.236252699,,,
2.769860936,0.026418071,0.250460213,,,
4.962024278,0.13335313,0.955061416,,,
5.170114288,0.912925303,0.762418283,,,
2.048119338,0.051000094,0.004045502,,,
2.24185958,0.174249484,0.037827443,,,
3.888204511,0.526747622,0.482508936,,,
2.716036066,0.260639383,0.172675512,,,
3.604131074,0.229732699,0.477171135,,,
3.125900053,0.365648745,0.279146388,,,
3.112006482,0.388726486,0.267589765,,,
5.538063289,0.856460637,0.909157451,,,
3.275741012,0.283012279,0.353002766,,,
2.522088574,0.208389444,0.122230314,,,
5.744706916,0.959135201,0.933520918,,,
4.27484221,0.027902142,0.751771228,,,
2.66714388,0.491438596,0.087099284,,,
2.537848047,0.266213266,0.111733677,,,
4.880341257,0.241558327,0.899357419,,,
4.061709512,0.339156592,0.598897557,,,
4.259054789,0.116273983,0.725040997,,,
3.525418091,0.146515998,0.472841638,,,
5.134946509,0.805740175,0.795634704,,,
2.570434961,0.027046914,0.183836877,,,
4.481940986,0.448218744,0.7058621,,,
5.360958601,0.91887796,0.823438102,,,
2.867038876,0.679556685,0.088463785,,,
4.262824305,0.392478922,0.650059124,,,
3.257721568,0.319294601,0.336667079,,,
5.270134764,0.372863487,0.9917381,,,
3.847639954,0.321543479,0.532657718,,,
4.183437014,0.081946496,0.708330625,,,
3.7045225,0.172855538,0.525744991,,,
5.281862334,0.779884757,0.854956207,,,
2.232977827,0.230790906,0.019833245,,,
4.115948433,0.217937639,0.650959556,,,
2.992005604,0.932023495,0.028018477,,,
3.359772086,0.593966956,0.28346023,,,
4.509865934,0.227758716,0.779617205,,,
2.984555747,0.907821912,0.03611499,,,
2.995476993,0.853176401,0.063001035,,,
3.147068583,0.831879785,0.122355148,,,
5.275330098,0.668219413,0.895406545,,,
3.64656714,0.229755422,0.491310334,,,
3.330987014,0.80487496,0.194664214,,,
3.758048056,0.777189375,0.348086401,,,
3.721725384,0.828463656,0.315310698,,,
3.586861874,0.336588298,0.441365007,,,
4.112380078,0.906421246,0.412663323,,,
3.827678518,0.600967781,0.436981615,,,
4.9518254,0.659201764,0.790872262,,,
5.066466045,0.303885811,0.944000383,,,
3.995111323,0.019111238,0.660592098,,,
2.572996493,0.41532331,0.079799663,,,
2.887164095,0.728933267,0.076583651,,,
4.933717936,0.808789681,0.727325566,,,
2.293372218,0.118205645,0.069329381,,,
5.372660108,0.995284478,0.793062179,,,
4.312828048,0.776784305,0.533173437,,,
3.652941299,0.494673154,0.414646598,,,
4.978663815,0.164537493,0.952619036,,,
4.071813695,0.181587636,0.645894141,,,
4.595156239,0.703213936,0.655676151,,,
4.80330816,0.829975477,0.675217672,,,
4.553065868,0.448346708,0.729530054,,,
4.711126855,0.362868705,0.808382137,,,
3.969015833,0.608150601,0.48157063,,,
5.734073171,0.848266232,0.97791237,,,
3.680578276,0.659322582,0.367079135,,,
3.611821706,0.899092456,0.248976408,,,
4.304828515,0.988035415,0.440448788,,,
4.996276472,0.1120117,0.971847435,,,
4.171296305,0.513259539,0.581341686,,,
3.68218118,0.057645731,0.547138395,,,
3.533338834,0.302363344,0.433391991,,,
3.139996288,0.095379169,0.357216712,,,
4.761871401,0.436965217,0.80270592,,,
3.356248507,0.819615981,0.197104124,,,
5.507486833,0.604788126,0.995577144,,,
3.256183405,0.603284938,0.245670568,,,
3.073024508,0.367353859,0.261013298,,,
3.167438215,0.538012798,0.238489018,,,
3.653580438,0.786670139,0.309497407,,,
4.885790407,0.829809414,0.702779956,,,
4.248359882,0.262171709,0.683025746,,,
5.274011642,0.716294462,0.877018313,,,
5.276892434,0.616942385,0.914423674,,,
3.222971331,0.934029418,0.104122166,,,
4.470004753,0.712390517,0.610495964,,,
3.887240875,0.099670596,0.605237366,,,
4.503419529,0.736692663,0.612356045,,,
3.094759625,0.1044245,0.339898057,,,
3.184562956,0.17604381,0.351593811,,,
4.210133397,0.859626491,0.465188311,,,
5.716196344,0.906670271,0.947160889,,,
2.899513103,0.7628619,0.067553245,,,
3.685919949,0.961708714,0.246101561,,,
2.523410344,0.293488265,0.099270097,,,
2.136277405,0.079993031,0.02642149,,,
4.626379751,0.902139669,0.585848047,,,
4.928760889,0.921495059,0.678227929,,,
5.592355843,0.860481998,0.925570345,,,
5.166895782,0.711478228,0.843138237,,,
5.105691241,0.425332939,0.92093629,,,
4.953307697,0.450879846,0.862144696,,,
3.939904814,0.094371822,0.624101454,,,
3.418599217,0.543221937,0.32045865,,,
4.510588933,0.183049494,0.791769295,,,
3.016713687,0.297843509,0.26246939,,,
3.045064401,0.738877653,0.125395791,,,
4.613789331,0.979640199,0.547271928,,,
4.807021665,0.098758445,0.912056717,,,
4.457210647,0.854657223,0.549627198,,,
2.601171469,0.47499094,0.070420659,,,
2.832274963,0.086987274,0.256708382,,,
4.407276458,0.342367351,0.71314705,,,
4.282997928,0.524072043,0.614996529,,,
3.924618404,0.35635502,0.548143666,,,
3.521637637,0.11022768,0.480746356,,,
4.451812009,0.313720962,0.73630092,,,
4.399899006,0.699799876,0.591873181,,,
3.715924321,0.07719638,0.553652804,,,
3.499194059,0.89162289,0.214644041,,,
3.428163113,0.092399057,0.454007172,,,
4.071764911,0.024729258,0.684825382,,,
4.760030427,0.284090632,0.847462639,,,
3.13733189,0.79468539,0.134210948,,,
4.922331662,0.241428987,0.91338955,,,
4.506319384,0.993506235,0.505100475,,,
5.180227755,0.349884092,0.968589841,,,
5.535205802,0.929517926,0.876855448,,,
2.427663598,0.302480616,0.064800165,,,
3.005847275,0.374973269,0.236343916,,,
5.173568401,0.644650435,0.870069321,,,
5.078120324,0.316767179,0.944194643,,,
2.326206581,0.082183178,0.089195927,,,
4.753799089,0.927059758,0.617467377,,,
3.570575506,0.162129381,0.483879354,,,
3.150120574,0.217494814,0.329135916,,,
4.429292113,0.902489947,0.520000902,,,
4.192895064,0.157911974,0.692407939,,,
4.989502785,0.868420436,0.721279948,,,
5.35882667,0.911724418,0.825844617,,,
2.685395188,0.462885131,0.102366594,,,
5.385611807,0.788123317,0.886261698,,,
3.471552164,0.384056059,0.388848836,,,
4.817775973,0.461655269,0.813551676,,,
4.429568108,0.901883879,0.520354605,,,
4.786121096,0.678266522,0.728635081,,,
3.237096617,0.183543725,0.367142194,,,
4.380781974,0.910958532,0.500162539,,,
3.941719418,0.837652391,0.384859915,,,
2.488851229,0.389034858,0.059778055,,,
2.330410774,0.152700421,0.072920826,,,
5.080844309,0.159564293,0.987964851,,,
2.347208811,0.090504103,0.094155551,,,
3.337251875,0.814179266,0.192984762,,,
2.494233539,0.572531265,0.002367676,,,
4.86310534,0.844301708,0.689236603,,,
4.873622142,0.940835787,0.651327378,,,
5.77794703,0.97445613,0.937682235,,,
3.657802014,0.076814758,0.534371709,,,
2.804923954,0.485307034,0.135013399,,,
3.6654056,0.287764789,0.48155271,,,
3.767689914,0.204336643,0.538511152,,,
4.972472964,0.767766668,0.756613648,,,
4.001960737,0.617209375,0.489351827,,,
5.223958639,0.900259872,0.785852164,,,
3.900625687,0.659468582,0.440374994,,,
3.996450502,0.684723311,0.463018942,,,
3.314331496,0.936431654,0.13351422,,,
4.563301377,0.813149738,0.602086028,,,
5.7161151,0.878145961,0.959367796,,,
3.872468743,0.596486897,0.453479535,,,
4.757094155,0.459981972,0.793856508,,,
